{
  "IsEncrypted": false,
  "Values": {
    "AzureWebJobsStorage": "UseDevelopmentStorage=true",
    "APP_KIND": "workflowapp",
    "ProjectDirectoryPath": "c:\\Source\\LevelUpIntegration",
    "FUNCTIONS_WORKER_RUNTIME": "node",
    "WORKFLOWS_SUBSCRIPTION_ID": "",
    "AzureBlob_connectionString": "DefaultEndpointsProtocol=http;AccountName=devstoreaccount1;AccountKey=Eby8vdM02xNOcqFlqUwJPLlmEtlCDXJ1OUzFT50uSRZ6IFsuFq2UVErCz4I6tq/K1SZFPTOtr/KBHBeksoGMGw==;BlobEndpoint=http://127.0.0.1:10000/devstoreaccount1;"
  }
}
